Model,Feature_Count,Feature_Set,Accuracy,Macro_Precision,Macro_Recall,Macro_F1,ROC_AUC,PR_AUC,Training_Time,Inference_Time
Logistic Regression,10,10,0.887440437513537,0.7047573720919099,0.8941478928045281,0.7539373402047383,0.964859461909414,0.9964608366701112,1.186988099998416,0.0034960000011778
Logistic Regression,15,15,0.9045105046567036,0.7275159678989509,0.9078759446375936,0.7802060526878059,0.9695993998390244,0.9968987796984304,1.6705032000027131,0.0044903000016347
Logistic Regression,20,20,0.909383799003682,0.7346670286601985,0.9108291808671012,0.7879134669088276,0.971648142893925,0.9970775290064988,1.7876219999998284,0.0066710999999486
Logistic Regression,30,30,0.9088287849252762,0.7339548277081915,0.9114092275371886,0.7872771513883732,0.97236631037889,0.9971717376480016,4.331053800000518,0.0092101000009279
Logistic Regression,72,All,0.9119828893220706,0.7391926190420754,0.9167352132300084,0.7933023273978581,0.9742023387204668,0.9973805041990094,8.264387200000783,0.0176988999992318
Random Forest,10,10,0.9991607104180203,0.999245265095578,0.9952748603020146,0.9972503914217234,0.999776040113574,0.999962162316439,10.468363600000885,0.1153482000008807
Random Forest,15,15,0.9989170457006714,0.9988142628432966,0.9941118967698324,0.9964494928242382,0.9998078286859696,0.9999716134084592,10.861683499999344,0.154574500000308
Random Forest,20,20,0.9989441195581548,0.9989034481106708,0.9942002412798208,0.9965382555036322,0.9998912591880584,0.9999893034322604,12.192921300000307,0.1404607000004034
Random Forest,30,30,0.9988764349144468,0.9987175861691308,0.993942593710621,0.9963160762009085,0.9996018134791564,0.9999309128451036,14.490541799998027,0.1333140999995521
Random Forest,72,All,0.9985380116959064,0.9983069282703088,0.992139347745422,0.9951997099470972,0.9996241124792276,0.9999616082496324,17.89497069999925,0.1574323000022559
XGBoost,10,10,0.9985380116959064,0.9935121971165422,0.9969951385835856,0.9952461779589596,0.99990332475771,0.9999904389289714,1.7510774999973364,0.0396976000010909
XGBoost,15,15,0.9987816764132552,0.9948726903767068,0.9972016584658264,0.9960338322612567,0.9998779044238308,0.9999871433257326,1.7824041999992914,0.0499041000002762
XGBoost,20,20,0.9987546025557722,0.994713235738254,0.997186886544295,0.9959462899644134,0.9999094944746124,0.9999909460065884,1.8738400000002,0.0431105999996361
XGBoost,30,30,0.9988222871994802,0.995183781743152,0.9971502437596668,0.9961646309503938,0.9998995456715668,0.9999895605083816,2.214910899998358,0.0400928000017302
XGBoost,72,All,0.998862897985705,0.9954235038840098,0.997172401641964,0.9962960694908812,0.9999294040398377,0.9999932094990504,3.931454699999449,0.0440178999997442
