Penalty,C,Accuracy,Macro_Precision,Macro_Recall,Macro_F1,Weighted_F1,Balanced_Accuracy,ROC_AUC,PR_AUC,Normal_Precision,Normal_Recall,Normal_F1,Anomaly_Precision,Anomaly_Recall,Anomaly_F1,Nonzero_Coefficients,Sparsity_Percent
l1,0.001,0.8609892787524367,0.6704793346837089,0.8494773916123652,0.7102629985172111,0.8842965331744261,0.8494773916123652,0.921208066638281,0.9916703446204691,0.3580298300381547,0.8356541450777202,0.5012869700354524,0.9829288393292631,0.8633006381470102,0.9192390269989698,5,93.05555555555556
l1,0.01,0.8876705653021443,0.7042067225777316,0.8900062440070391,0.7530065646526121,0.9048880833700106,0.8900062440070391,0.9578389136594964,0.9957591427703651,0.4193155893536122,0.8928108808290155,0.5706302390561937,0.9890978558018511,0.8872016071850626,0.9353828902490305,25,65.27777777777777
l1,0.1,0.9001380766731644,0.7205793841482048,0.8998987625875141,0.771966388114194,0.9143408040928854,0.8998987625875141,0.9649482512991637,0.9964017577727249,0.45123040688703,0.8996113989637305,0.6010060035696901,0.9899283614093796,0.9001861262112976,0.942926772658698,47,34.72222222222222
l1,1.0,0.9029131470651939,0.7243139870735757,0.900750731248385,0.775983141612314,0.9164128422824066,0.900750731248385,0.9654137940509415,0.9964428242571046,0.4588089330024814,0.8981541450777202,0.607357932771269,0.98981904114467,0.9033473174190498,0.9446083504533589,67,6.944444444444445
l1,10.0,0.9030079055663851,0.7244700912316273,0.9009495781506596,0.7761702096308531,0.9164902127590145,0.9009495781506596,0.9655337513340654,0.9964596688472479,0.4590882766608753,0.8984779792746114,0.6076767234298855,0.9898519058023793,0.9034211770267077,0.9446636958318209,69,4.166666666666667
l1,100.0,0.9030620532813515,0.7245690099051842,0.9011262671706366,0.7762951669457836,0.9165368337149062,0.9011262671706366,0.9655574328099532,0.9964632550030971,0.45925374369156946,0.8988018134715026,0.6078957454963587,0.989884276118799,0.9034507208697707,0.9446945883952086,71,1.3888888888888888
l2,0.001,0.8913119991336366,0.7096936722460179,0.8978788745295947,0.7598617428334774,0.9078229498151952,0.8978788745295947,0.9627607368525305,0.9962535267810044,0.4289548347519362,0.9057642487046632,0.5821928500806578,0.9904325097400997,0.8899935003545261,0.937530635586297,72,0.0
l2,0.01,0.9077729044834308,0.7331140037049779,0.9160567763779064,0.7870462517283052,0.920576818915075,0.9160567763779064,0.9700988491257165,0.9969765628692235,0.4736231884057971,0.9260038860103627,0.6267053860062463,0.9926048190041588,0.9061096667454502,0.9473871174503641,72,0.0
l2,0.1,0.9103584578730778,0.7369028613391007,0.9172467771187987,0.7910756280775992,0.9225436077439764,0.9172467771187987,0.9732608081098308,0.9972802986305218,0.4812257955884829,0.9255181347150259,0.6332114766810679,0.9925799270897183,0.9089754195225715,0.9489397794741307,72,0.0
l2,1.0,0.9119828893220706,0.7391926190420754,0.9167352132300084,0.7933023273978581,0.9237373025582402,0.9167352132300084,0.9742023387204668,0.9973805041990094,0.48609215017064844,0.9224417098445595,0.636678587393831,0.9922930879135023,0.9110287166154574,0.9499260674018852,72,0.0
l2,10.0,0.9139863547758285,0.7423530470427606,0.9181961983656284,0.7966536242173945,0.9252901424473344,0.9181961983656284,0.9742801735440549,0.9973846940366912,0.4923156622345018,0.9232512953367875,0.6421894357472688,0.9923904318510194,0.9131411013944694,0.9511178126875202,72,0.0
l2,100.0,0.9133230452674898,0.7413305187368973,0.9179814314650194,0.79561190799439,0.9247852935037655,0.9179814314650194,0.9742494744487089,0.9973826394102495,0.4902449505801461,0.9235751295336787,0.6405030599067991,0.9924160868936485,0.9123877333963601,0.9507207560819807,72,0.0
elasticnet,0.001,0.8625054147714967,0.6723246391650981,0.8520703613411007,0.7126741650496977,0.8854667132338775,0.8520703613411007,0.9286641198847055,0.9919498761134662,0.3612988641906487,0.8395401554404145,0.5051882885955084,0.9833504141395474,0.8646005672417868,0.9201600415038871,10,86.11111111111111
elasticnet,0.01,0.8842592592592593,0.700080031336464,0.8873356834210362,0.7480475582169809,0.9023251900035808,0.8873356834210362,0.9579490249881213,0.9957536875422505,0.4112855007473842,0.8910297927461139,0.562794027408468,0.9888745619255439,0.8836415740959584,0.9333010890254938,29,59.72222222222222
elasticnet,0.1,0.9002057613168725,0.7207904646790744,0.9006714182759132,0.7722792452012183,0.9144198186630562,0.9006714182759132,0.9649514061185454,0.9964110063659409,0.45149253731343286,0.9012305699481865,0.601599654128837,0.990088392044716,0.9001122666036399,0.9429588362735996,57,20.833333333333332
elasticnet,1.0,0.9029131470651939,0.7243253219864925,0.900824303836842,0.776004207233099,0.9164156520656735,0.900824303836842,0.9654086324889815,0.9964412062483174,0.45881574594773405,0.8983160621761658,0.6074009196409021,0.9898348980252509,0.9033325454975183,0.9446074948252958,69,4.166666666666667
elasticnet,10.0,0.9030349794238683,0.7245308567846326,0.901111495249105,0.7762537345467115,0.9165163307098328,0.901111495249105,0.9655409937852306,0.9964611182978247,0.459177764910249,0.8988018134715026,0.6078291814946619,0.9898839486590162,0.9034211770267077,0.9446782875987612,71,1.3888888888888888
elasticnet,100.0,0.9030620532813515,0.7245690099051842,0.9011262671706366,0.7762951669457836,0.9165368337149062,0.9011262671706366,0.9655585043483026,0.9964634286703806,0.45925374369156946,0.8988018134715026,0.6078957454963587,0.989884276118799,0.9034507208697707,0.9446945883952086,71,1.3888888888888888
