S_No,Title,Authors,Year,Journal_or_Conference,Volume,Issue,Pages_or_Article_Number,DOI,Problem_or_Gap,Research_Objective,Methods_Algorithms,Key_Inference,Future_Recommendation,Verified_Source
1,"Top-K Feature Selection for IoT Intrusion Detection: Contributions of XGBoost, LightGBM, and Random Forest","Kouassi, B.M.; Ballo, A.B.; Ayikpa, K.J.; Mamadou, D.; Coulibaly, M.Z.J.",2025,Future Internet,17,11,529,10.3390/fi17110529,Full-feature IoT IDS models are computationally heavy for resource-constrained deployment.,"Compare XGBoost, LightGBM, and Random Forest importance-based feature selection at multiple top-K feature counts for IoT intrusion detection.","XGBoost, LightGBM, Random Forest; top-K feature subset comparison (directly analogous to this project's own 10/15/20/30/All feature-count sweep).",Reduced feature subsets can retain most of the full-feature model's detection performance while cutting computational cost - consistent with this project's own finding.,Extend the top-K comparison to additional IoT datasets and deployment hardware.,Crossref (bibliographic metadata verified); abstract-level context from publisher search snippet
2,Enhancing intrusion detection in IoT networks using machine learning-based feature selection and ensemble models,"Almotairi, A.; Atawneh, S.; Khashan, O.A.; Khafajah, N.M.",2024,Systems Science & Control Engineering,12,1,2321381,10.1080/21642583.2024.2321381,High-dimensional IoT traffic features can dilute ensemble-classifier performance and increase training cost.,Use K-Best feature selection to extract top-15 features and build a heterogeneous stacked ensemble for IoT intrusion detection on the ToN_IoT dataset.,SelectKBest feature selection; stacked ensemble of traditional ML classifiers.,"A reduced, K-Best-selected feature subset combined with ensemble stacking improved accuracy, precision, recall, and F1 relative to using all features.",Evaluate the approach on additional IoT-specific benchmark datasets.,Crossref (bibliographic metadata verified); abstract-level context from publisher search snippet
3,A lightweight IoT intrusion detection method based on two-stage feature selection and Bayesian optimization,"Zhang, D.; Huang, D.; Chen, Y.; Lin, S.; Li, C.",2025,AIMS Electronics and Electrical Engineering,9,3,359-389,10.3934/electreng.2025017,"Single-stage feature selection may retain redundant or weakly-informative features, inflating model size for lightweight IoT deployment.",Combine two-stage feature selection with Bayesian hyperparameter optimization to build a lightweight IoT intrusion detection model.,Two-stage feature selection; Bayesian optimization for hyperparameter tuning.,Two-stage filtering plus Bayesian-tuned classifiers can shrink the feature/model footprint while preserving detection accuracy.,Test generalization across heterogeneous IoT device traffic profiles.,Crossref (bibliographic metadata verified); title-based summary
4,Interpretable intrusion detection for IoT security: A SHAP-enhanced NGBoost model,"Dong, J.; Chen, H.; Shen, S.; Xu, H.; Liu, Z.",2026,Computer Networks,275,C,111937,10.1016/j.comnet.2025.111937,"Accurate IDS models are often black-box, limiting analyst trust and actionable insight.",Combine NGBoost with SHAP to produce an accurate and interpretable IoT IDS.,NGBoost classifier; SHAP (TreeExplainer-style) explainability.,SHAP-based explanations on top of a boosted-tree model can identify the traffic features driving each prediction without materially sacrificing accuracy.,Extend interpretable boosting approaches to streaming/online IoT traffic.,Crossref (bibliographic metadata verified); title-based summary
5,Explainable AI-based intrusion detection in IoT systems,"Bin hulayyil, S.; Li, S.; Saxena, N.",2025,Internet of Things,31,-,101589,10.1016/j.iot.2025.101589,IoT IDS models optimized purely for accuracy give security analysts little insight into why a flow was flagged.,Apply explainable-AI techniques (including SHAP) to IoT intrusion detection models to improve interpretability alongside detection performance.,Machine-learning IDS classifiers combined with post-hoc explainability methods (SHAP / LIME-style attribution).,"Explainability techniques can surface the specific flow features responsible for an intrusion classification, supporting analyst trust.",Benchmark explanation stability and cost across multiple IoT datasets.,Crossref (bibliographic metadata verified); title-based summary
6,Explainable AI-Based Intrusion Detection Systems for IoT Environments: A Systematic Literature Review,"Varol, M.; Karakaya, A.",2026,Sensors,26,18,5744,10.3390/s26185744,"The XAI-for-IoT-IDS literature is fragmented across many explainability methods, datasets, and evaluation criteria.",Systematically review explainable-AI approaches applied to IoT intrusion detection.,Systematic literature review methodology across XAI-enabled IDS studies.,SHAP and similar feature-attribution methods are among the most widely adopted explainability tools in recent IoT IDS research.,Standardize evaluation of explanation quality (not just detection accuracy) across future IoT IDS studies.,Crossref (bibliographic metadata verified); title-based summary
7,Robust machine learning based Intrusion detection system using simple statistical techniques in feature selection,"Kaushik, S.; Bhardwaj, A.; Almogren, A.; Bharany, S.; Altameem, A.; Ur Rehman, A.; Hussen, S.; Hamam, H.",2025,Scientific Reports,15,1,3970,10.1038/s41598-025-88286-9,Complex feature-selection pipelines can be costly to deploy in resource-limited settings.,Evaluate simple statistical feature-selection techniques for building a robust intrusion detection system.,Statistical feature-selection techniques paired with standard ML classifiers.,"Even simple, low-cost statistical feature-selection methods can produce a robust IDS, reducing the need for expensive wrapper-based search.",Compare simple statistical selection against more complex metaheuristic selection methods on additional datasets.,Crossref (bibliographic metadata verified); title-based summary
8,Machine Learning-Based Security Solutions for IoT Networks: A Comprehensive Survey,"Alfahaid, A.; Alalwany, E.; Almars, A.M.; Alharbi, F.; Atlam, E.; Mahgoub, I.",2025,Sensors,25,11,3341,10.3390/s25113341,"IoT security research spans many disjoint ML paradigms (supervised, unsupervised, federated, deep learning), making it hard to compare approaches.",Survey machine-learning-based IoT security solutions published in recent years.,Comprehensive literature survey across supervised/unsupervised/ensemble/federated learning approaches to IoT security.,No single ML paradigm dominates; ensemble and hybrid approaches are increasingly favoured for IoT intrusion detection.,"Prioritize lightweight, interpretable, and adversarially-robust models for future IoT security research.",Crossref (bibliographic metadata verified); title-based summary
9,An XGBoost-Based Intrusion Detection Framework with Interpretability Analysis for IoT Networks,"Hu, Y.; Xiao, K.; Luo, L.; Chen, L.",2026,Applied Sciences,16,2,980,10.3390/app16020980,XGBoost is a strong IoT IDS candidate but is often deployed without interpretability analysis of its predictions.,Build an XGBoost-based IoT intrusion detection framework and analyze the interpretability of its predictions.,XGBoost classifier with feature-importance / interpretability analysis.,XGBoost's native feature-importance scores can meaningfully explain which traffic characteristics drive intrusion classifications.,"Combine XGBoost interpretability analysis with SHAP for finer-grained, per-prediction explanations.",Crossref (bibliographic metadata verified); title-based summary
10,Neuro-symbolic machine learning for lightweight and interpretable IoT edge intrusion detection,"Badhan, P.K.",2026,Discover Sensors,2,1,Article 15,10.1007/s44397-026-00047-z,Deep-learning IDS models are often too large and opaque for constrained IoT edge hardware.,Combine neuro-symbolic learning with lightweight design principles for interpretable intrusion detection directly on IoT edge devices.,Neuro-symbolic machine learning combining learned models with symbolic/rule-based reasoning for interpretability.,Neuro-symbolic approaches can offer a favourable accuracy/interpretability/footprint trade-off for edge-deployed IoT intrusion detection.,Benchmark neuro-symbolic IDS models against pure deep-learning baselines on real edge hardware.,Crossref (bibliographic metadata verified); title-based summary
