feature,anova_f_score,anova_p_value,mutual_info,rf_importance,xgb_importance,anova_f_score_norm,mutual_info_norm,rf_importance_norm,xgb_importance_norm,combined_score,rank
Dst_Port,87787.96654880843,0.0,0.23307602294291607,0.20312230230338654,0.1653251,1.0,1.0,1.0,0.31544706,0.828861765563488,1
Src_Port,20372.881214249686,0.0,0.20810450225454247,0.11693322375001636,0.019563098,0.23206894099392933,0.8928610486266555,0.5756789009577251,0.03732719,0.4344840198941927,2
ACK_Flag_Cnt,28974.392592173284,0.0,0.06798373403811908,0.053860797630413314,0.15729679,0.3300494999255302,0.2916805134210195,0.26516437151232175,0.3001287,0.29675577080196763,3
Flow_Duration,364.130766087165,3.972672212768985e-81,0.17041410634468046,0.07493949190823931,0.03534824,0.004147536685197279,0.7311524548641261,0.36893778309143305,0.06744589,0.2929209159390225,4
Bwd_IAT_Std,14.53829814657976,0.00013736687300933397,0.023089034968962974,0.003889124043543981,0.5240978,0.00016529869211506456,0.09906224877802139,0.01914671111661154,1.0,0.279593564646687,5
Init_Bwd_Win_Byts,6977.511338705015,0.0,0.12261243770271957,0.09244509541193663,0.0045177173,0.07948112591878037,0.526061995371996,0.4551203603130652,0.008619989,0.26732086771808083,6
Flow_Pkts/s,2935.1784049485095,0.0,0.1493808502162377,0.05331350622333055,0.004515783,0.033434562374887046,0.6409104133925582,0.26246997803176086,0.008616298,0.23635781305908116,7
Flow_IAT_Max,549.1691689754662,2.464974320726122e-121,0.12738338489522394,0.03159175500565318,0.000662572,0.006255325112396118,0.5465314848212512,0.15553070562614663,0.0012642144,0.1773954324897662,8
Idle_Mean,821.9771908400015,1.5933499872925284e-180,0.13719896524058828,0.02135006342613726,0.0014557749,0.009362904849128868,0.5886446984475552,0.10510940051402372,0.002777678,0.1764736704428504,9
Flow_IAT_Mean,908.2830280794965,3.1216206258939646e-199,0.13449194656193297,0.02172862522920208,0.00077161106,0.010346022094487536,0.57703038203493,0.10697311414257148,0.0014722653,0.1739554459037927,10
Idle_Max,537.4784862491473,8.519212918576279e-119,0.12969203939985374,0.0237207324598247,0.0020312069,0.0061221555358544144,0.556436641411276,0.11678054153007313,0.0038756256,0.17080374100745327,11
Fwd_Pkt_Len_Max,15544.491907098509,0.0,0.10131018523938984,0.00809695372941012,0.0024830787,0.17706834141694652,0.4346658397556503,0.03986245546447375,0.004737816,0.16408361311418782,12
Bwd_Pkts/s,2140.653098001056,0.0,0.12258982646853145,0.018994308475695387,0.0024461246,0.024384055988321558,0.5259649831014819,0.09351168365217326,0.0046673054,0.1621320070323833,13
Fwd_Pkt_Len_Mean,9582.648507426995,0.0,0.10741460264597213,0.007883669156263205,0.004187819,0.10915646838708107,0.46085651063421323,0.038812425158947034,0.00799053,0.15420398348523992,14
Bwd_Header_Len,9394.50594949361,0.0,0.07695870277800942,0.0340519219968617,0.0009656463,0.10701332026168917,0.3301871286728528,0.16764245782327358,0.0018424926,0.1516713498417751,15
TotLen_Fwd_Pkts,11270.38421736832,0.0,0.10572641070021094,0.003107416671827408,0.0029742087,0.12838161161171197,0.45361341490756846,0.015298254483085385,0.0056749117,0.1507420481663255,16
Subflow_Fwd_Byts,11270.38421736832,0.0,0.10418131291169952,0.005333796002058346,0.0,0.12838161161171197,0.44698425688006155,0.026259036755558764,0.0,0.15040622631183306,17
Fwd_Pkt_Len_Std,36233.17802373799,0.0,0.04087893314995705,0.0010157012335761245,0.0011883093,0.4127349516444768,0.17538883937439131,0.005000441714465494,0.0022673425,0.1488478938149498,18
Fwd_Seg_Size_Avg,9582.648507426995,0.0,0.10327449219413753,0.004850645620480096,0.0,0.10915646838708107,0.4430935919111296,0.023880418671284546,0.0,0.1440326197423738,19
TotLen_Bwd_Pkts,1518.2363550159905,0.0,0.11187426528808286,0.010041027096998334,0.001138793,0.01729405311713022,0.47999045065001217,0.04943340530869379,0.0021728633,0.13722269310489169,20
Subflow_Bwd_Byts,1518.2363550159905,0.0,0.1104071139415812,0.00959958126508958,0.0,0.01729405311713022,0.4736957175926312,0.04726010465729903,0.0,0.13456246884176512,21
Pkt_Size_Avg,4464.335309059785,0.0,0.09831315972348387,0.004942987016433208,0.0028514361,0.05085332072745782,0.42180726478056596,0.02433502850440464,0.0054406566,0.12560906764345822,22
Pkt_Len_Mean,6045.105827553335,0.0,0.09295453344999638,0.005618849859103359,0.0014700269,0.06886001421880372,0.39881637019678506,0.027662397458999653,0.0028048714,0.12453591332257696,23
Fwd_Pkt_Len_Min,2396.5976465848157,0.0,0.09686512762350152,0.005657846155763309,0.008210338,0.027299542444585104,0.4155945618105269,0.027854381776909284,0.01566566,0.12160353642824596,24
Idle_Min,909.793389020786,1.4691170918823728e-199,0.09110085180984462,0.015554490943077428,0.00059359084,0.010363226746404386,0.3908632499369385,0.0765769724283895,0.0011325956,0.11973401117434788,25
Bwd_IAT_Tot,606.345528439558,9.527118960078512e-134,0.07725871434942833,0.01899924601353037,0.020029897,0.006906625960796346,0.33147431200312777,0.09353599185358193,0.03821786,0.11753369775571136,26
Protocol,15099.833297500132,0.0,0.044528418308487305,0.021133730957146424,0.0,0.17200319679433781,0.19104675696046608,0.10404436498351995,0.0,0.11677357968458095,27
Bwd_Pkt_Len_Mean,8369.746421406724,0.0,0.08021133043933037,0.005077393681446358,0.00091384613,0.09534019597911979,0.3441423507512627,0.024996731643296785,0.0017436558,0.1165557335354756,28
Bwd_Seg_Size_Avg,8369.746421406724,0.0,0.080627698063652,0.0042492728816505175,0.0,0.09534019597911979,0.34592875339819473,0.0209197750983727,0.0,0.11554718111892182,29
Pkt_Len_Max,7898.568472207047,0.0,0.06624058001531474,0.007855778693932529,0.0051383143,0.08997296726890511,0.2842016058920745,0.03867511644388029,0.009804114,0.10566345084322525,30
Bwd_Pkt_Len_Min,7988.03006383611,0.0,0.071295107021625,0.004482383323817672,0.0015140601,0.09099203198504598,0.3058877791092492,0.022067410978449407,0.0028888884,0.10545902760655661,31
Fwd_Pkts/s,2486.750107092423,0.0,0.07471027309703793,0.012696585538322229,0.0013088714,0.028326476907784847,0.32054036341325265,0.06250709742034341,0.0024973801,0.10346782946877478,32
Flow_IAT_Min,974.7891799436486,1.211602976100453e-213,0.07942538128292753,0.008817273894703385,0.00094704836,0.0111035994138368,0.34077027864157455,0.04340869414493821,0.0018070069,0.09927239477280878,33
Bwd_Pkt_Len_Max,7658.486189963941,0.0,0.061387390732249525,0.0055014509301465455,0.0025659115,0.0872381692583917,0.2633792612262148,0.027084425825035674,0.004895864,0.0956494300910507,34
Flow_Byts/s,337.2127744576924,2.8437060279133975e-75,0.07674465923744456,0.0037308061954593177,0.005406558,0.0038409115179108577,0.32926878650336555,0.018367289820725493,0.010315933,0.09044823027669847,35
Pkt_Len_Std,9450.59604897481,0.0,0.05238822974624058,0.001426823495064955,0.0008892848,0.10765224742881496,0.22476885045816689,0.00702445511342142,0.0016967917,0.08528558618327176,36
Bwd_IAT_Max,759.9028299073784,4.597959990803082e-167,0.0643841079524421,0.008376888560125965,0.00058683637,0.008655810443009677,0.27623651347530825,0.041240614472821985,0.0011197077,0.08181316152554521,37
Pkt_Len_Var,7595.848633257923,0.0,0.053299151177462756,0.001285868376661113,0.0,0.08652465944058024,0.22867710931603008,0.006330513006595015,0.0,0.08038307044080134,38
Fwd_Header_Len,2617.4041469970066,0.0,0.060666354436627934,0.003698768606540258,0.0010270264,0.02981476835960794,0.2602856942152564,0.018209564211298282,0.0019596084,0.07756740879706644,39
Bwd_IAT_Mean,1011.8675216792784,1.1241227057807782e-221,0.061577329726766106,0.005074405988901508,0.0006351592,0.01152596200662929,0.2641941841518694,0.02498202280772841,0.0012119097,0.07547851966497324,40
Pkt_Len_Min,304.66603566128214,3.4318780569403296e-68,0.06091389607383646,0.0037104101507112624,0.00097583357,0.0034701688055478004,0.2613477581465135,0.018266877189927366,0.0018619302,0.07123668359618207,41
Idle_Std,9.863408438392607,0.0016861507960975767,0.04860024415726194,0.011885239468397528,0.002300776,0.00011204661972609118,0.20851670430795402,0.058512725257739324,0.0043899748,0.06788286273493079,42
Flow_IAT_Std,23.482390526302662,1.2612609288983846e-06,0.05016864675000221,0.008679176404975758,0.00025490945,0.0002671816208234228,0.21524585033051336,0.04272882055074587,0.00048637763,0.06468205753218503,43
Bwd_IAT_Min,1021.1534025282741,1.0948391917272012e-223,0.04104475271188601,0.008565001183457752,0.00060621183,0.011631738277307953,0.17610027918632587,0.04216671968725983,0.0011566769,0.05776385351519499,44
Fwd_IAT_Tot,7.862505070606172,0.005047371010700323,0.04330994020942169,0.0018751510894389263,0.0026807073,8.925415666581865e-05,0.18581894294647788,0.009231635660756604,0.005114899,0.05006368294520427,45
Fwd_IAT_Mean,0.9697902579512518,0.3247332998692236,0.04262319714478946,0.0015958441603816868,0.00020078318,1.0738646980695905e-05,0.1828725091779541,0.007856567901628595,0.0003831025,0.047780729559055546,46
Fwd_IAT_Max,10.417760656130056,0.0012482274525036704,0.040760078475760686,0.0011193872404410554,0.00031325727,0.00011836129371214124,0.17487889985896773,0.00551090268152397,0.0005977077,0.045276467882150055,47
Fwd_IAT_Min,1.1137088685487322,0.2912780043993505,0.030342764450680848,0.0008579275786574376,0.0006050944,1.2378036302808803e-05,0.1301839806066721,0.004223699558978137,0.0011545449,0.03389365077040885,48
SYN_Flag_Cnt,3914.989942900034,0.0,0.011643666327605162,0.0064379685033251425,0.0,0.04459568022012052,0.049956517107969,0.031695035110961355,0.0,0.031561808109762717,49
Subflow_Bwd_Pkts,1109.3891219124464,8.514065340397818e-243,0.017004763133017686,0.0027338097276588006,0.0,0.012636838976841073,0.07295801137460808,0.013458934329995636,0.0,0.0247634461703612,50
Tot_Bwd_Pkts,1109.3891219124464,8.514065340397818e-243,0.014236286976583523,0.002127873964124134,3.6163477e-05,0.012636838976841073,0.06108001499609512,0.010475826337109499,6.900139e-05,0.021065420425321172,51
Fwd_IAT_Std,15.601041075168107,7.822964402987636e-05,0.017476141232148912,0.000409966243287626,0.00033330606,0.0001774044885929888,0.07498043347182515,0.002018322156841715,0.0006359616,0.019453030427946393,52
Bwd_Pkt_Len_Std,0.21203377387102965,0.6451783405379845,0.012791753242047621,0.0006144829931923116,0.0007196576,2.106977430762959e-06,0.05488232157273646,0.003025187220822805,0.0013731361,0.014820687959455419,53
Fwd_Act_Data_Pkts,411.10859340083516,2.427510231815611e-91,0.008046931938456847,0.0014796697608600571,0.0,0.004682665173127824,0.034524923828941706,0.007284624800333348,0.0,0.011623053450600718,54
Subflow_Fwd_Pkts,555.6612580212065,9.597668679914118e-123,0.006815599530561878,0.0013301367871397572,0.0,0.0063292770593723156,0.029241959102035663,0.006548452691093688,0.0,0.010529922213125415,55
Tot_Fwd_Pkts,555.6612580212065,9.597668679914118e-123,0.006890922657876608,0.0010968142343404737,0.00017708827,0.0063292770593723156,0.029565128883138277,0.005399772560190142,0.00033789163,0.010408017533149449,56
Down/Up_Ratio,200.35270019401008,1.810318707926555e-45,0.005339174076996134,0.0007243983185815103,0.00017807973,0.0022819265927507544,0.022907435992692307,0.003566316009452955,0.0003397834,0.0072738655007191485,57
Active_Min,106.64991506372351,5.364145907337045e-25,0.005861054653067743,2.6648399604462804e-05,0.0,0.0012145500751683897,0.02514653622051551,0.00013119386351115867,0.0,0.006623070039798765,58
Active_Max,99.36797308308148,2.1148032104924734e-23,0.004875167685143067,4.862531787772669e-05,0.0,0.001131600845199106,0.020916641804622996,0.00023938935964352737,0.0,0.005571908002366407,59
Bwd_PSH_Flags,395.48354890581373,6.051083154347687e-88,0.0018028498970545925,0.000250153947625653,0.002108022,0.004504678941907735,0.007735029430702696,0.001231543482861962,0.004022192,0.004373361016357855,60
Active_Mean,114.70665324338702,9.228325956610775e-27,0.0034325804854833386,5.603742237325814e-05,0.0,0.0013063250755520504,0.014727299883283279,0.0002758802048706587,0.0,0.004077376290926497,61
Active_Std,14.935501264668442,0.00011127343862646497,0.0027462608758939133,3.795151552640984e-06,0.0,0.0001698232671356348,0.01178268292558997,1.868407117093665e-05,0.0,0.0029927975659741353,62
PSH_Flag_Cnt,395.48354890581373,6.051083154347687e-88,0.0010151249594301248,0.00023393453323193513,0.0,0.004504678941907735,0.004355338428263574,0.0011516929976626937,0.0,0.0025029275919585003,63
ECE_Flag_Cnt,32.62731969931714,1.1174118560267821e-08,0.0,2.7470746253578036e-05,0.0019746767,0.00037135229878841104,0.0,0.00013524239309057907,0.0037677637,0.0010685896055043825,64
CWE_Flag_Count,0.5336452857107181,0.46507890387071793,8.47069614875462e-05,1.0416069698032591e-05,0.00090770307,5.770481936467253e-06,0.00036343061125722163,5.127979340483741e-05,0.0017319345,0.0005381038445358721,65
Flow_Byts/s_missing,17.25338940693783,3.27205245695399e-05,0.00033658007547887614,3.422840823591695e-07,0.0,0.00019622653113681647,0.001444078508072492,1.6851132469340014e-06,0.0,0.0004104975381140606,66
Dst_Port_missing,0.09122439463304206,0.762626536751813,0.00036624433249587973,0.0,0.0,7.308273587769818e-07,0.0015713513894373367,0.0,0.0,0.0003930205541990284,67
RST_Flag_Cnt,1.449649086682281,0.22858523234705286,0.0,2.226929251802528e-05,0.0004652646,1.620476033933212e-05,0.0,0.00010963489614628102,0.00088774384,0.00025339587353784493,68
FIN_Flag_Cnt,2.136607848869894,0.14382065970426836,9.344390891996568e-05,2.5484298101610923e-05,0.000104547675,2.4029966925102086e-05,0.00040091600903474975,0.00012546282615262598,0.00019948123,0.0001874725089585192,69
Flow_Pkts/s_missing,17.25338940693783,3.27205245695399e-05,5.2799969027850224e-05,9.805448857035642e-19,0.0,0.00019622653113681647,0.0002265353954524175,4.8273620108884324e-18,0.0,0.0001056904816473097,70
URG_Flag_Cnt,0.027066566688761808,0.8693225469478614,0.0,9.206390990566068e-07,0.0,0.0,0.0,4.532437298202372e-06,0.0,1.133109324550593e-06,71
Bwd_URG_Flags,0.027066566688761808,0.8693225469478614,0.0,5.433723981038628e-08,0.0,0.0,0.0,2.675099641654679e-07,0.0,6.687749104136698e-08,72
