,Dst_Port,Fwd_Pkt_Len_Std,ACK_Flag_Cnt,Src_Port,Fwd_Pkt_Len_Max,Protocol,TotLen_Fwd_Pkts,Subflow_Fwd_Byts,Pkt_Len_Std,Fwd_Seg_Size_Avg,Fwd_Pkt_Len_Mean,Bwd_Pkt_Len_Mean,Bwd_Seg_Size_Avg,Bwd_Pkt_Len_Min,Pkt_Len_Max,Label_binary
Dst_Port,1.0,0.24098587192597662,0.42496281445643125,-0.5401620037623173,0.5353865118210485,-0.25696098337282414,0.3317302765465855,0.3317302765465855,0.18305939294483192,0.520590280882414,0.520590280882414,0.3423491888136602,0.3423491888136602,0.3649247176387924,0.3259266456164438,-0.48063530987388714
Fwd_Pkt_Len_Std,0.24098587192597662,1.0,0.06910686542597956,-0.13650730317630208,0.3768044761068355,-0.015759199341285137,0.2962136183963074,0.2962136183963074,0.3949557164352739,0.20924622028041948,0.20924622028041948,0.23979728285735186,0.23979728285735186,0.25220640321159227,0.23059686666365434,-0.33623873525405373
ACK_Flag_Cnt,0.42496281445643125,0.06910686542597956,1.0,-0.16152303006113405,0.1494582188610682,-0.7380112959681768,0.04504914144742213,0.04504914144742213,0.29037218707171614,0.14551265634384572,0.14551265634384572,0.4637232550265297,0.4637232550265297,0.38562301359758755,0.5041652168162011,-0.29879188294761516
Src_Port,-0.5401620037623173,-0.13650730317630208,-0.16152303006113405,1.0,-0.3769847119188581,0.5305135033485384,-0.21390758235737733,-0.21390758235737733,-0.0328574836621332,-0.37275434196855617,-0.37275434196855617,-0.1962380752154736,-0.1962380752154736,-0.23527863196896093,-0.16467277224624208,0.2560027647409153
Fwd_Pkt_Len_Max,0.5353865118210485,0.3768044761068355,0.1494582188610682,-0.3769847119188581,1.0,0.0003257411029523121,0.6724947259601379,0.6724947259601379,0.11446096379081139,0.9841748359075769,0.9841748359075769,0.6409472650023039,0.6409472650023039,0.6752683759576273,0.6191074299065232,-0.2231535016242019
Protocol,-0.25696098337282414,-0.015759199341285137,-0.7380112959681768,0.5305135033485384,0.0003257411029523121,1.0,0.0657352209764205,0.0657352209764205,-0.1783136772277262,0.0024586997010599024,0.0024586997010599032,-0.2441446535018604,-0.2441446535018604,-0.18742034863226473,-0.27306727542081993,0.22139073810174728
TotLen_Fwd_Pkts,0.3317302765465855,0.2962136183963074,0.04504914144742213,-0.21390758235737733,0.6724947259601379,0.0657352209764205,1.0,1.0,0.08559131510992059,0.6581893931718911,0.6581893931718911,0.40639604276421265,0.40639604276421265,0.4317114028231558,0.39985059831526676,-0.18308334758944872
Subflow_Fwd_Byts,0.3317302765465855,0.2962136183963074,0.04504914144742213,-0.21390758235737733,0.6724947259601379,0.0657352209764205,1.0,1.0,0.08559131510992059,0.6581893931718911,0.6581893931718911,0.40639604276421265,0.40639604276421265,0.4317114028231558,0.39985059831526676,-0.18308334758944872
Pkt_Len_Std,0.18305939294483192,0.3949557164352739,0.29037218707171614,-0.0328574836621332,0.11446096379081139,-0.1783136772277262,0.08559131510992059,0.08559131510992059,1.0,0.04634268465181384,0.04634268465181384,0.2794034790383388,0.2794034790383388,0.08279864017348099,0.48701352264195646,-0.17852935036565165
Fwd_Seg_Size_Avg,0.520590280882414,0.20924622028041948,0.14551265634384572,-0.37275434196855617,0.9841748359075769,0.0024586997010599024,0.6581893931718911,0.6581893931718911,0.04634268465181384,1.0,1.0,0.6317817832256741,0.6317817832256741,0.6657051615182936,0.6097806260346555,-0.17534003140099388
Fwd_Pkt_Len_Mean,0.520590280882414,0.20924622028041948,0.14551265634384572,-0.37275434196855617,0.9841748359075769,0.0024586997010599032,0.6581893931718911,0.6581893931718911,0.04634268465181384,1.0,1.0,0.6317817832256741,0.6317817832256741,0.6657051615182936,0.6097806260346555,-0.17534003140099388
Bwd_Pkt_Len_Mean,0.3423491888136602,0.23979728285735186,0.4637232550265297,-0.1962380752154736,0.6409472650023039,-0.2441446535018604,0.40639604276421265,0.40639604276421265,0.2794034790383388,0.6317817832256741,0.6317817832256741,1.0,1.0,0.9616654910189658,0.9519594212784519,-0.16563201865637284
Bwd_Seg_Size_Avg,0.3423491888136602,0.23979728285735186,0.4637232550265297,-0.1962380752154736,0.6409472650023039,-0.2441446535018604,0.40639604276421265,0.40639604276421265,0.2794034790383388,0.6317817832256741,0.6317817832256741,1.0,1.0,0.9616654910189658,0.9519594212784519,-0.16563201865637284
Bwd_Pkt_Len_Min,0.3649247176387924,0.25220640321159227,0.38562301359758755,-0.23527863196896093,0.6752683759576273,-0.18742034863226473,0.4317114028231558,0.4317114028231558,0.08279864017348099,0.6657051615182936,0.6657051615182936,0.9616654910189658,0.9616654910189658,1.0,0.8563888043064645,-0.16211357992588876
Pkt_Len_Max,0.3259266456164438,0.23059686666365434,0.5041652168162011,-0.16467277224624208,0.6191074299065232,-0.27306727542081993,0.39985059831526676,0.39985059831526676,0.48701352264195646,0.6097806260346555,0.6097806260346555,0.9519594212784519,0.9519594212784519,0.8563888043064645,1.0,-0.1615754234519028
Label_binary,-0.48063530987388714,-0.33623873525405373,-0.29879188294761516,0.2560027647409153,-0.2231535016242019,0.22139073810174728,-0.18308334758944872,-0.18308334758944872,-0.17852935036565165,-0.17534003140099388,-0.17534003140099388,-0.16563201865637284,-0.16563201865637284,-0.16211357992588876,-0.1615754234519028,1.0
