,Missing_Count,Unique_Values
Flow_ID,0,64064
Src_IP,0,57985
Src_Port,0,11205
Dst_IP,0,478
Dst_Port,0,1034
Protocol,0,3
Timestamp,0,4304
Flow_Duration,0,12670
Tot_Fwd_Pkts,0,116
Tot_Bwd_Pkts,0,42
TotLen_Fwd_Pkts,0,2479
TotLen_Bwd_Pkts,0,2612
Fwd_Pkt_Len_Max,0,1156
Fwd_Pkt_Len_Min,0,1165
Fwd_Pkt_Len_Mean,0,2174
Fwd_Pkt_Len_Std,0,1614
Bwd_Pkt_Len_Max,0,1114
Bwd_Pkt_Len_Min,0,1191
Bwd_Pkt_Len_Mean,0,2619
Bwd_Pkt_Len_Std,0,2237
Flow_Byts/s,323,32050
Flow_Pkts/s,323,19969
Flow_IAT_Mean,0,21648
Flow_IAT_Std,0,30780
Flow_IAT_Max,0,12399
Flow_IAT_Min,0,11041
Fwd_IAT_Tot,0,1922
Fwd_IAT_Mean,0,8377
Fwd_IAT_Std,0,18278
Fwd_IAT_Max,0,1793
Fwd_IAT_Min,0,1196
Bwd_IAT_Tot,0,12341
Bwd_IAT_Mean,0,13557
Bwd_IAT_Std,0,4674
Bwd_IAT_Max,0,12223
Bwd_IAT_Min,0,11529
Fwd_PSH_Flags,0,1
Bwd_PSH_Flags,0,2
Fwd_URG_Flags,0,1
Bwd_URG_Flags,0,2
Fwd_Header_Len,0,162
Bwd_Header_Len,0,86
Fwd_Pkts/s,0,9533
Bwd_Pkts/s,0,14179
Pkt_Len_Min,0,1240
Pkt_Len_Max,0,1122
Pkt_Len_Mean,0,5458
Pkt_Len_Std,0,4821
Pkt_Len_Var,0,4962
FIN_Flag_Cnt,0,2
SYN_Flag_Cnt,0,2
RST_Flag_Cnt,0,2
PSH_Flag_Cnt,0,2
ACK_Flag_Cnt,0,2
URG_Flag_Cnt,0,2
CWE_Flag_Count,0,2
ECE_Flag_Cnt,0,2
Down/Up_Ratio,0,15
Pkt_Size_Avg,0,5327
Fwd_Seg_Size_Avg,0,2141
Bwd_Seg_Size_Avg,0,2583
Fwd_Byts/b_Avg,0,1
Fwd_Pkts/b_Avg,0,1
Fwd_Blk_Rate_Avg,0,1
Bwd_Byts/b_Avg,0,1
Bwd_Pkts/b_Avg,0,1
Bwd_Blk_Rate_Avg,0,1
Subflow_Fwd_Pkts,0,116
Subflow_Fwd_Byts,0,2479
Subflow_Bwd_Pkts,0,42
Subflow_Bwd_Byts,0,2612
Init_Fwd_Win_Byts,0,1
Init_Bwd_Win_Byts,0,3616
Fwd_Act_Data_Pkts,0,116
Fwd_Seg_Size_Min,0,1
Active_Mean,0,1950
Active_Std,0,1264
Active_Max,0,1346
Active_Min,0,1207
Idle_Mean,0,17905
Idle_Std,0,24210
Idle_Max,0,11956
Idle_Min,0,10872
Label,0,2
Cat,0,5
Sub_Cat,0,9
Hour,0,6
Day_of_Week,0,6
Month,0,5
