,count,mean,std,min,25%,50%,75%,max,missing_count,unique_values
Src_Port,461696.0,35956.89320895135,24609.091217877354,0.0,9020.0,51994.0,56361.0,65500.0,0,11205
Dst_Port,461696.0,15530.253825027723,17145.855029531725,0.0,8043.0,9020.0,10101.0,65371.0,0,1034
Protocol,461696.0,9.949042226919879,5.365110021376833,0.0,6.0,6.0,17.0,17.0,0,3
Flow_Duration,461696.0,811.7679468741336,4056.133950001392,0.0,75.0,141.0,246.0,99984.0,0,12670
Tot_Fwd_Pkts,461696.0,1.940391513030219,4.960794432315302,0.0,0.0,1.0,2.0,186.0,0,116
Tot_Bwd_Pkts,461696.0,1.486922130579429,1.3574621887861151,1.0,1.0,1.0,2.0,560.0,0,42
TotLen_Fwd_Pkts,461696.0,465.0653936789576,1167.7053742397773,0.0,0.0,20.0,288.0,109846.0,0,2479
TotLen_Bwd_Pkts,461696.0,792.2089665060993,1898.3099519767768,0.0,0.0,32.0,1430.0,773284.0,0,2612
Fwd_Pkt_Len_Max,461696.0,298.2827249965345,557.6566870006613,0.0,0.0,18.0,32.0,1464.0,0,1156
Fwd_Pkt_Len_Min,461696.0,253.39877105281397,516.1668082669938,0.0,0.0,18.0,32.0,1464.0,0,1165
Fwd_Pkt_Len_Mean,461696.0,279.3561146924698,528.9770466346381,0.0,0.0,18.0,32.0,1464.0,0,2174
Fwd_Pkt_Len_Std,461696.0,28.431632165916167,147.62358390293352,0.0,0.0,0.0,0.0,1032.3759005323593,0,1614
Bwd_Pkt_Len_Max,461696.0,561.965609405323,675.9052350605689,0.0,0.0,32.0,1388.0,1464.0,0,1114
Bwd_Pkt_Len_Min,461696.0,468.92070323329636,646.3906001394827,0.0,0.0,32.0,1388.0,1460.0,0,1191
Bwd_Pkt_Len_Mean,461696.0,517.9509152942165,641.7439905179021,0.0,0.0,32.0,1388.0,1460.0,0,2619
Bwd_Pkt_Len_Std,461696.0,62.62745955000244,225.6085511750236,0.0,0.0,0.0,0.0,1032.3759005323593,0,2237
Flow_Byts/s,461373.0,10636107.917960638,20432743.5115144,0.0,0.0,6400000.0,18354430.37974684,4066000000.0,323,32049
Flow_Pkts/s,461373.0,86485.33211579072,231190.7919177323,20.005401458393763,11627.906976744183,17543.859649122805,27027.027027027027,5000000.0,323,19968
Flow_IAT_Mean,461696.0,616.5257847995291,2188.0793856562063,0.0,72.0,89.5,151.66666666666666,99973.0,0,21648
Flow_IAT_Std,461696.0,83.77343924366691,1349.5297479252467,0.0,0.0,0.0,2.8284271247461903,67901.3428770006,0,30780
Flow_IAT_Max,461696.0,726.6964885985584,3322.0337897403165,0.0,73.0,114.0,179.0,99973.0,0,12399
Flow_IAT_Min,461696.0,563.0765027204047,1987.636150413049,0.0,70.0,77.0,144.0,99973.0,0,11041
Fwd_IAT_Tot,461696.0,130.7526510950929,2579.4773077726372,0.0,0.0,0.0,16.0,99676.0,0,1922
Fwd_IAT_Mean,461696.0,65.28720072028092,1410.635163961247,0.0,0.0,0.0,5.0,98135.0,0,8377
Fwd_IAT_Std,461696.0,37.28003271420564,1116.3503411726513,0.0,0.0,0.0,0.0,70374.09529080996,0,18278
Fwd_IAT_Max,461696.0,109.17141149154422,2252.859472748777,0.0,0.0,0.0,7.0,99600.0,0,1793
Fwd_IAT_Min,461696.0,41.28942637579706,1164.3890145865412,0.0,0.0,0.0,3.0,98135.0,0,1196
Bwd_IAT_Tot,461696.0,685.62202618173,3649.0328169224454,0.0,0.0,0.0,128.0,99973.0,0,12341
Bwd_IAT_Mean,461696.0,593.770417341172,2594.732424032616,0.0,0.0,0.0,112.0,99973.0,0,13557
Bwd_IAT_Std,461696.0,38.68330063786898,941.2643655510187,0.0,0.0,0.0,0.0,68998.06549462094,0,4674
Bwd_IAT_Max,461696.0,647.366568044774,3188.323288059939,0.0,0.0,0.0,115.0,99973.0,0,12223
Bwd_IAT_Min,461696.0,569.4651718879956,2520.3616667358356,0.0,0.0,0.0,86.0,99973.0,0,11529
Fwd_PSH_Flags,461696.0,0.0,0.0,0.0,0.0,0.0,0.0,0.0,0,1
Bwd_PSH_Flags,461696.0,0.030565566953146658,0.17213766946659342,0.0,0.0,0.0,0.0,1.0,0,2
Fwd_URG_Flags,461696.0,0.0,0.0,0.0,0.0,0.0,0.0,0.0,0,1
Bwd_URG_Flags,461696.0,6.281189354033823e-05,0.00792515515583868,0.0,0.0,0.0,0.0,1.0,0,2
Fwd_Header_Len,461696.0,24.663447376628778,46.99711923983879,0.0,0.0,8.0,32.0,3832.0,0,162
Bwd_Header_Len,461696.0,33.94338265871916,44.287597874475935,0.0,8.0,32.0,44.0,17920.0,0,86
Fwd_Pkts/s,461696.0,59047.898998896184,181183.7715118314,0.0,0.0,7604.5627376425855,13698.6301369863,4000000.0,0,9533
Bwd_Pkts/s,461696.0,27376.92845089483,75092.4526003144,0.0,4672.897196261682,10204.081632653062,20408.163265306124,1000000.0,0,14179
Pkt_Len_Min,461696.0,393.0647460666759,603.4247879107983,0.0,0.0,32.0,1098.0,1460.0,0,1240
Pkt_Len_Max,461696.0,579.3325976400056,680.7539193063271,0.0,0.0,32.0,1388.0,1464.0,0,1122
Pkt_Len_Mean,461696.0,513.9098824149271,623.8398321372974,0.0,0.0,32.0,1327.6,1460.0,0,5458
Pkt_Len_Std,461696.0,100.83820851634754,241.06173511029675,0.0,0.0,0.0,0.0,842.9313930168538,0,4821
Pkt_Len_Var,461696.0,68278.9785674878,176738.0909141969,0.0,0.0,0.0,0.0,710533.3333333335,0,4962
FIN_Flag_Cnt,461696.0,0.0006519441364014417,0.025524899929099964,0.0,0.0,0.0,0.0,1.0,0,2
SYN_Flag_Cnt,461696.0,0.12596383767673966,0.3318089627134855,0.0,0.0,0.0,0.0,1.0,0,2
RST_Flag_Cnt,461696.0,0.00044618103687274745,0.02111830782334854,0.0,0.0,0.0,0.0,1.0,0,2
PSH_Flag_Cnt,461696.0,0.030565566953146658,0.17213766946659342,0.0,0.0,0.0,0.0,1.0,0,2
ACK_Flag_Cnt,461696.0,0.5010742999722761,0.4999993873597082,0.0,0.0,1.0,1.0,1.0,0,2
URG_Flag_Cnt,461696.0,6.281189354033823e-05,0.00792515515583868,0.0,0.0,0.0,0.0,1.0,0,2
CWE_Flag_Count,461696.0,0.00020143124480177433,0.014191233436664346,0.0,0.0,0.0,0.0,1.0,0,2
ECE_Flag_Cnt,461696.0,8.447116717493761e-05,0.009190441487774549,0.0,0.0,0.0,0.0,1.0,0,2
Down/Up_Ratio,461696.0,0.3197558566675908,0.49085120876935223,0.0,0.0,0.0,1.0,14.0,0,15
Pkt_Size_Avg,461696.0,737.9037827977965,902.0089654083845,0.0,0.0,48.0,1787.5,2190.0,0,5327
Fwd_Seg_Size_Avg,461696.0,279.3561146924698,528.9770466346381,0.0,0.0,18.0,32.0,1464.0,0,2141
Bwd_Seg_Size_Avg,461696.0,517.9509152942165,641.7439905179021,0.0,0.0,32.0,1388.0,1460.0,0,2583
Fwd_Byts/b_Avg,461696.0,0.0,0.0,0.0,0.0,0.0,0.0,0.0,0,1
Fwd_Pkts/b_Avg,461696.0,0.0,0.0,0.0,0.0,0.0,0.0,0.0,0,1
Fwd_Blk_Rate_Avg,461696.0,0.0,0.0,0.0,0.0,0.0,0.0,0.0,0,1
Bwd_Byts/b_Avg,461696.0,0.0,0.0,0.0,0.0,0.0,0.0,0.0,0,1
Bwd_Pkts/b_Avg,461696.0,0.0,0.0,0.0,0.0,0.0,0.0,0.0,0,1
Bwd_Blk_Rate_Avg,461696.0,0.0,0.0,0.0,0.0,0.0,0.0,0.0,0,1
Subflow_Fwd_Pkts,461696.0,1.940391513030219,4.960794432315302,0.0,0.0,1.0,2.0,186.0,0,116
Subflow_Fwd_Byts,461696.0,465.0653936789576,1167.7053742397773,0.0,0.0,20.0,288.0,109846.0,0,2479
Subflow_Bwd_Pkts,461696.0,1.486922130579429,1.3574621887861151,1.0,1.0,1.0,2.0,560.0,0,42
Subflow_Bwd_Byts,461696.0,792.2089665060993,1898.3099519767768,0.0,0.0,32.0,1430.0,773284.0,0,2612
Init_Fwd_Win_Byts,461696.0,-1.0,0.0,-1.0,-1.0,-1.0,-1.0,-1.0,0,1
Init_Bwd_Win_Byts,461696.0,6771.831789749099,11963.51410520174,-1.0,-1.0,252.0,6609.0,65535.0,0,3616
Fwd_Act_Data_Pkts,461696.0,1.7543101954532854,4.991466618162411,0.0,0.0,1.0,2.0,186.0,0,116
Fwd_Seg_Size_Min,461696.0,0.0,0.0,0.0,0.0,0.0,0.0,0.0,0,1
Active_Mean,461696.0,5.101903576930832,79.19879573171012,0.0,0.0,0.0,0.0,9044.625,0,1950
Active_Std,461696.0,0.47897413523625837,24.12525348553642,0.0,0.0,0.0,0.0,8598.658249775284,0,1264
Active_Max,461696.0,5.758360479622955,103.49666698475087,0.0,0.0,0.0,0.0,26785.0,0,1346
Active_Min,461696.0,4.692241214998614,74.60049820693465,0.0,0.0,0.0,0.0,6659.0,0,1207
Idle_Mean,461696.0,642.4512975463605,2444.487710767335,0.0,71.5,87.66666666666669,149.0,99973.0,0,17905
Idle_Std,461696.0,69.2332005624643,1342.1285932039293,0.0,0.0,0.0,2.14646755691286,67071.90662266879,0,24210
Idle_Max,461696.0,721.018711446493,3322.490375814664,0.0,73.0,112.0,175.0,99973.0,0,11956
Idle_Min,461696.0,595.9368307284446,2234.828981919332,0.0,69.0,77.0,142.0,99973.0,0,10872
