,Correlation_with_Label,Absolute_Correlation
Dst_Port,-0.48063530987388714,0.48063530987388714
Fwd_Pkt_Len_Std,-0.33623873525405373,0.33623873525405373
ACK_Flag_Cnt,-0.29879188294761516,0.29879188294761516
Src_Port,0.2560027647409153,0.2560027647409153
Fwd_Pkt_Len_Max,-0.2231535016242019,0.2231535016242019
Protocol,0.22139073810174728,0.22139073810174728
TotLen_Fwd_Pkts,-0.18308334758944872,0.18308334758944872
Subflow_Fwd_Byts,-0.18308334758944872,0.18308334758944872
Pkt_Len_Std,-0.17852935036565165,0.17852935036565165
Fwd_Seg_Size_Avg,-0.17534003140099388,0.17534003140099388
Fwd_Pkt_Len_Mean,-0.17534003140099388,0.17534003140099388
Bwd_Pkt_Len_Mean,-0.16563201865637284,0.16563201865637284
Bwd_Seg_Size_Avg,-0.16563201865637284,0.16563201865637284
Bwd_Pkt_Len_Min,-0.16211357992588876,0.16211357992588876
Pkt_Len_Max,-0.1615754234519028,0.1615754234519028
Pkt_Len_Var,-0.16028869675603946,0.16028869675603946
Bwd_Pkt_Len_Max,-0.15912435831853977,0.15912435831853977
Init_Bwd_Win_Byts,-0.1544995290618572,0.1544995290618572
Pkt_Len_Mean,-0.14123538305536956,0.14123538305536956
Pkt_Size_Avg,-0.12130159372974421,0.12130159372974421
SYN_Flag_Cnt,0.11413810237615754,0.11413810237615754
Flow_Pkts/s,0.09959448055119222,0.09959448055119222
Bwd_Header_Len,-0.09375291729374667,0.09375291729374667
Fwd_Pkts/s,0.09153331240723313,0.09153331240723313
Fwd_Header_Len,-0.08936629761184302,0.08936629761184302
Fwd_Pkt_Len_Min,-0.08667369183215372,0.08667369183215372
Bwd_Pkts/s,0.08510560103751062,0.08510560103751062
Flow_IAT_Min,0.05876393645763063,0.05876393645763063
Bwd_IAT_Min,0.056804778053920986,0.056804778053920986
Bwd_IAT_Mean,0.05671979379114901,0.05671979379114901
Idle_Min,0.056097273247375096,0.056097273247375096
Flow_IAT_Mean,0.055898359342773464,0.055898359342773464
Idle_Mean,0.052753734655503565,0.052753734655503565
Bwd_IAT_Max,0.04918926083584629,0.04918926083584629
Bwd_IAT_Tot,0.044067482695224515,0.044067482695224515
Subflow_Fwd_Pkts,0.04356406028283317,0.04356406028283317
Tot_Fwd_Pkts,0.04356406028283317,0.04356406028283317
Flow_IAT_Max,0.04200184035425871,0.04200184035425871
Idle_Max,0.04154155266777495,0.04154155266777495
TotLen_Bwd_Pkts,-0.03903291503133574,0.03903291503133574
Subflow_Bwd_Byts,-0.03903291503133574,0.03903291503133574
Fwd_Act_Data_Pkts,0.03744001362921759,0.03744001362921759
PSH_Flag_Cnt,-0.03609671169977897,0.03609671169977897
Bwd_PSH_Flags,-0.03609671169977897,0.03609671169977897
Flow_Byts/s,0.03541480224274957,0.03541480224274957
Flow_Duration,0.03435681033369538,0.03435681033369538
Tot_Bwd_Pkts,-0.03144011051240591,0.03144011051240591
Subflow_Bwd_Pkts,-0.03144011051240591,0.03144011051240591
Pkt_Len_Min,-0.03031415874011043,0.03031415874011043
Down/Up_Ratio,0.02893538347344192,0.02893538347344192
Active_Min,0.0191937310670431,0.0191937310670431
Active_Mean,0.019099919554236792,0.019099919554236792
Active_Max,0.014579098367713962,0.014579098367713962
ECE_Flag_Cnt,-0.01057748846441777,0.01057748846441777
Flow_IAT_Std,0.009929124452874808,0.009929124452874808
Fwd_IAT_Std,0.007886793918954301,0.007886793918954301
Bwd_IAT_Std,0.00759053127571496,0.00759053127571496
Idle_Std,0.006977352264702936,0.006977352264702936
Fwd_IAT_Max,0.006809196892639594,0.006809196892639594
Fwd_IAT_Tot,0.006299338344729469,0.006299338344729469
Active_Std,0.005432770632792453,0.005432770632792453
RST_Flag_Cnt,0.0029130686842790132,0.0029130686842790132
Fwd_IAT_Mean,0.0027149130874984744,0.0027149130874984744
CWE_Flag_Count,-0.002541779078085611,0.002541779078085611
Bwd_URG_Flags,0.0023451339306848626,0.0023451339306848626
URG_Flag_Cnt,0.0023451339306848626,0.0023451339306848626
FIN_Flag_Cnt,0.001416097558219285,0.001416097558219285
Fwd_IAT_Min,-0.0013768369611904328,0.0013768369611904328
Bwd_Pkt_Len_Std,-0.0006421320009715656,0.0006421320009715656
